Date,Close/Last,Volume,Open,High,Low
03/31/2025,74.53,365512,73.66,74.69,72.91
03/28/2025,75.17,239048,76.75,76.75,74.82
03/27/2025,77.25,88421,77.77,77.9645,76.94
03/26/2025,77.91,240963,79.59,79.8516,77.60
03/25/2025,79.81,109358,79.91,80.05,79.34
03/24/2025,79.74,143583,79.195,79.91,78.99
03/21/2025,77.92,170521,77.35,78.05,76.8877
03/20/2025,78.39,224860,78.55,79.46,77.95
03/19/2025,79.98,172756,79.96,80.73,79.25
03/18/2025,79.80,147995,79.95,80.13,79.11
03/17/2025,80.56,299356,79.67,81.05,79.35
03/14/2025,78.92,383220,77.19,79.1218,77.035
03/13/2025,75.81,177990,76.03,76.6476,75.084
03/12/2025,75.95,259181,76.12,76.50,75.095
03/11/2025,74.90,356478,74.92,75.815,73.79
03/10/2025,75.02,411084,76.76,76.90,74.185
03/07/2025,78.53,274056,77.45,78.69,76.50
03/06/2025,77.38,210768,78.12,79.05,77.13
03/05/2025,79.69,217485,78.36,79.79,77.86
03/04/2025,77.65,537101,76.50,79.06,75.8401
03/03/2025,77.32,339960,80.21,80.27,76.75
02/28/2025,78.88,404105,77.95,79.2899,77.25
02/27/2025,78.41,488758,81.86,81.97,78.34
02/26/2025,81.44,555688,81.44,82.395,80.965
02/25/2025,80.82,417374,82.14,82.14,80.53
02/24/2025,82.19,350470,83.85,83.97,81.80
02/21/2025,83.70,478618,86.23,86.2599,83.425
02/20/2025,85.70,319543,86.18,86.26,84.75
02/19/2025,85.35,393395,85.03,85.98,84.45
02/18/2025,85.20,283075,85.21,85.2193,84.6912
02/14/2025,84.49,223200,85.16,85.16,84.06
02/13/2025,84.63,295846,83.87,84.6737,83.54
02/12/2025,83.53,194178,82.23,83.65,81.90
02/11/2025,83.14,176218,83.60,83.9897,83.0787
02/10/2025,83.83,297711,83.73,83.97,83.40
02/07/2025,83.23,490318,84.72,84.99,82.98
02/06/2025,84.15,381905,84.60,84.70,83.58
02/05/2025,84.15,297745,83.35,84.25,82.72
02/04/2025,83.40,266515,82.93,83.6392,82.80
02/03/2025,81.89,307579,80.45,82.30,80.26
01/31/2025,82.32,577305,82.80,84.12,82.05
01/30/2025,82.11,441915,81.85,82.47,81.56
01/29/2025,81.24,226407,81.96,81.96,80.78
01/28/2025,81.42,286160,81.25,81.56,79.94
01/27/2025,80.84,659390,81.63,82.12,79.88
01/24/2025,84.20,396547,85.24,85.55,84.09
01/23/2025,85.01,495917,84.66,85.01,84.10
01/22/2025,85.25,577710,85.49,85.79,84.91
01/21/2025,84.52,796844,83.09,84.6399,82.66
01/17/2025,81.88,485594,82.36,82.40,81.75
01/16/2025,81.27,483593,81.39,81.97,80.53
01/15/2025,80.81,639498,80.69,81.17,80.0301
01/14/2025,78.82,364715,77.98,78.83,77.41
01/13/2025,77.29,680218,77.00,77.4799,76.59
01/10/2025,78.86,674776,80.09,80.09,78.62
01/08/2025,80.45,2103323,81.545,81.58,79.22
01/07/2025,84.34,1269126,86.26,86.48,83.8701
01/06/2025,85.45,1430144,84.85,86.31,84.73
01/03/2025,83.58,832107,82.90,83.66,82.01
01/02/2025,82.41,758690,81.81,82.44,81.0201
12/31/2024,81.15,482862,82.46,82.57,80.80
12/30/2024,81.96,810744,82.20,82.789,80.9061
12/27/2024,83.51,835477,84.05,84.57,82.54
12/26/2024,83.99,945201,82.50,84.14,82.18
12/24/2024,82.64,387964,82.50,82.805,81.80
12/23/2024,82.17,633407,81.65,82.2812,81.022
12/20/2024,81.16,972279,76.08,83.36,76.00
12/19/2024,77.57,1155836,84.96,84.96,76.44
12/18/2024,83.98,1598192,86.48,90.75,82.50
12/17/2024,86.48,1513482,84.70,86.59,82.27
12/16/2024,82.59,1550022,77.92,84.59,76.84
12/13/2024,77.64,694437,75.59,77.665,74.90
12/12/2024,74.49,656844,76.50,77.54,74.37
12/11/2024,76.45,492946,78.33,78.39,74.064
12/10/2024,75.66,389926,74.22,76.729,74.08
12/09/2024,74.27,221690,76.75,76.75,74.25
12/06/2024,75.37,330137,73.30,75.45,72.71
12/05/2024,72.18,153748,72.26,72.83,70.86
12/04/2024,71.55,108366,71.66,72.07,70.97
12/03/2024,70.79,100552,70.15,70.85,69.64
12/02/2024,70.60,129654,71.78,71.78,70.10
11/29/2024,70.49,99863,69.25,70.81,68.95
11/27/2024,68.34,88249,68.87,68.87,67.5023
11/26/2024,68.05,122899,69.13,69.474,67.675
11/25/2024,69.55,326778,71.07,71.215,69.28
11/22/2024,68.45,125887,67.60,68.67,66.97
11/21/2024,66.80,147929,66.86,67.35,65.61
11/20/2024,65.91,69537,65.44,65.91,65.04
11/19/2024,65.32,27783,64.02,65.3396,64.02
11/18/2024,64.39,33154,64.71,64.71,63.67
11/15/2024,64.55,118149,65.36,65.36,64.27
11/14/2024,65.76,51802,66.90,66.91,65.72
11/13/2024,66.19,63281,66.20,66.89,65.915
11/12/2024,66.09,49525,66.43,66.78,65.36
11/11/2024,66.89,41827,67.28,67.30,66.09
11/08/2024,66.63,42167,66.06,66.7603,65.973
11/07/2024,66.46,42268,64.58,66.46,64.58
11/06/2024,63.87,52535,63.63,64.045,63.1571
11/05/2024,62.35,21111,62.03,62.3581,62.03
11/04/2024,61.78,22319,62.18,62.5572,61.78
11/01/2024,62.12,21538,62.49,62.76,62.07
10/31/2024,62.28,24186,63.59,63.59,62.1067
10/30/2024,63.89,29781,63.98,64.63,63.86
10/29/2024,64.92,28544,64.80,64.98,64.4127
10/28/2024,64.45,31062,63.99,64.68,63.905
10/25/2024,63.53,21663,63.84,64.34,63.53
10/24/2024,63.26,20357,63.35,63.67,62.98
10/23/2024,62.89,20615,63.29,63.80,62.365
10/22/2024,63.59,22988,63.61,63.61,63.285
10/21/2024,63.87,37563,63.62,63.88,63.18
10/18/2024,63.71,25805,63.50,63.8299,63.34
10/17/2024,63.05,24262,63.67,63.67,63.04
10/16/2024,62.95,73585,62.99,63.10,62.51
10/15/2024,62.63,23706,64.16,64.4566,62.31
10/14/2024,64.18,13131,63.79,64.36,63.79
10/11/2024,63.64,14561,62.37,63.64,62.37
10/10/2024,62.635,13426,62.43,62.635,61.95
10/09/2024,62.92,18312,62.47,62.9919,62.25
10/08/2024,62.56,21841,62.26,62.7099,62.19
10/07/2024,62.38,25393,62.42,62.50,61.92
10/04/2024,62.54,18913,62.62,62.78,62.08
10/03/2024,61.785,20793,61.68,62.10,61.549
10/02/2024,62.23,21276,61.63,62.3799,61.39
10/01/2024,61.74,37838,62.58,62.58,61.2829
09/30/2024,62.40,32603,62.55,63.015,62.03
09/27/2024,63.06,18482,63.63,63.68,63.00
09/26/2024,63.44,40499,63.22,63.5097,62.67
09/25/2024,61.72,40572,61.67,62.17,61.59
09/24/2024,62.02,45767,61.86,62.11,61.49
09/23/2024,61.50,42246,61.25,61.5692,61.25
09/20/2024,61.19,83129,61.39,61.39,60.695
09/19/2024,61.67,53894,61.40,61.9998,61.2501
09/18/2024,59.84,37464,60.40,60.98,59.84
09/17/2024,60.48,17411,60.79,60.94,60.22
09/16/2024,60.34,23480,60.39,60.39,59.9366
09/13/2024,60.55,24482,59.95,60.62,59.95
09/12/2024,59.83,35712,59.42,60.14,59.11
09/11/2024,59.71,43635,58.39,59.71,57.56
09/10/2024,58.16,34690,58.12,58.22,57.36
09/09/2024,57.98,42476,58.02,58.32,57.71
09/06/2024,57.56,37885,59.08,59.08,57.34
09/05/2024,59.14,28361,59.01,59.65,58.93
09/04/2024,59.27,29593,59.00,59.835,58.67
09/03/2024,59.46,85112,61.67,61.67,59.30
08/30/2024,62.38,37573,62.35,62.38,61.62
08/29/2024,61.66,31509,61.68,62.625,61.62
08/28/2024,61.17,39492,61.69,61.97,60.9301
08/27/2024,62.00,21805,61.50,62.00,61.15
08/26/2024,61.51,29863,61.88,62.16,61.50
08/23/2024,62.30,72727,61.45,62.41,61.45
08/22/2024,61.20,41292,62.73,62.73,61.00
08/21/2024,62.26,18651,61.65,62.30,61.565
08/20/2024,61.39,29791,61.81,61.8997,61.185
08/19/2024,61.89,27523,61.44,61.89,60.9601
08/16/2024,61.18,19013,60.99,61.22,60.77
08/15/2024,60.82,17992,60.12,60.97,59.99
08/14/2024,59.02,21059,59.37,59.53,58.69
08/13/2024,59.40,28131,58.45,59.40,58.29
08/12/2024,57.72,36661,57.63,58.09,57.405
08/09/2024,57.64,38879,57.49,57.78,56.99
08/08/2024,57.78,29793,56.56,57.78,55.88
08/07/2024,55.49,63110,57.34,57.51,55.46
08/06/2024,55.86,166367,55.67,56.66,55.07
08/05/2024,55.33,99654,53.52,55.79,52.98
08/02/2024,56.75,75152,57.50,57.66,56.39
08/01/2024,59.43,62214,61.51,61.54,59.00
07/31/2024,61.97,72102,61.53,62.25,61.42
07/30/2024,60.00,102570,61.09,61.25,59.80
07/29/2024,60.98,57652,61.44,61.79,60.98
07/26/2024,61.33,38934,61.29,61.55,60.8399
07/25/2024,60.47,41036,60.93,61.57,59.94
07/24/2024,61.46,35452,63.00,63.01,61.42
07/23/2024,63.58,27832,63.24,63.7599,63.24
07/22/2024,63.78,33713,63.20,63.82,62.86
07/19/2024,62.43,34432,63.38,63.38,62.34
07/18/2024,63.52,43782,64.72,64.72,63.06
07/17/2024,64.35,56691,65.73,65.82,64.33
07/16/2024,66.80,50654,66.02,66.85,66.02
07/15/2024,65.99,30668,65.91,66.41,65.80
07/12/2024,65.85,35662,65.42,66.30,65.28
07/11/2024,65.02,34777,66.28,66.28,64.96
07/10/2024,65.77,32809,65.07,65.80,65.05
07/09/2024,64.58,47827,64.82,64.98,64.359
07/08/2024,64.66,37437,64.24,64.8023,64.24
07/05/2024,64.16,47513,64.18,64.2485,63.6897
07/03/2024,63.87,18747,63.45,64.012,63.42
07/02/2024,63.24,20705,62.50,63.24,62.43
07/01/2024,62.64,94045,63.09,63.16,62.4003
06/28/2024,62.79,71633,62.74,63.46,62.635
06/27/2024,62.5363,30649,62.34,62.69,62.22
06/26/2024,62.07,15482,62.04,62.2422,61.86
06/25/2024,62.67,38120,62.49,62.71,62.225
06/24/2024,62.40,40200,63.10,63.3246,62.40
06/21/2024,62.96,27273,63.13,63.30,62.44
06/20/2024,63.33,48726,64.33,64.33,63.19
06/18/2024,64.30,48015,63.86,64.50,63.82
06/17/2024,63.88,33515,63.30,63.89,62.9049
06/14/2024,63.29,37959,63.24,63.375,62.98
06/13/2024,63.65,33563,64.36,64.36,63.35
06/12/2024,64.21,44171,64.01,64.60,63.98
06/11/2024,63.09,23711,62.99,63.0996,62.44
06/10/2024,63.3279,21965,62.58,63.53,62.4595
06/07/2024,62.77,23859,63.20,63.24,62.60
06/06/2024,63.22,19821,63.53,63.53,63.10
06/05/2024,63.52,17058,62.48,63.52,62.3989
06/04/2024,61.84,28035,62.15,62.15,61.60
06/03/2024,62.15,53474,62.58,62.59,61.42
05/31/2024,61.81,27641,62.30,62.41,60.765
05/30/2024,62.06,28831,62.45,62.58,61.855
05/29/2024,62.27,34278,62.55,62.585,62.24
05/28/2024,63.51,60095,63.50,63.6599,63.0699
05/24/2024,63.04,35102,62.44,63.07,62.395
05/23/2024,61.9995,48743,63.58,63.58,61.77
05/22/2024,62.41,48737,62.43,62.68,62.08
05/21/2024,62.14,36147,62.05,62.25,61.87
05/20/2024,62.47,28157,61.90,62.59,61.89
05/17/2024,61.59,27852,61.72,61.87,61.27
05/16/2024,61.49,20508,61.94,62.02,61.49
05/15/2024,61.85,24724,61.20,61.87,60.97
05/14/2024,60.69,24955,59.93,60.70,59.93
05/13/2024,59.78,19289,59.75,60.00,59.685
05/10/2024,59.5214,25237,59.74,59.95,59.37
05/09/2024,59.5647,12938,59.45,59.67,59.20
05/08/2024,59.42,12204,59.17,59.4601,59.145
05/07/2024,59.57,21362,59.92,60.06,59.57
05/06/2024,59.92,24231,59.48,59.92,59.41
05/03/2024,59.14,22119,59.25,59.37,58.86
05/02/2024,58.119,27017,57.79,58.25,57.18
05/01/2024,57.07,64903,57.45,58.36,56.82
04/30/2024,57.74,22644,58.79,58.97,57.74
04/29/2024,58.79,26601,58.47,58.8265,58.215
04/26/2024,58.41,83191,57.68,58.50,57.54
04/25/2024,57.36,65686,56.63,57.527,56.38
04/24/2024,57.16,34933,57.50,57.7601,56.84
04/23/2024,56.84,31139,56.22,57.0134,56.22
04/22/2024,56.08,47712,55.64,56.37,55.448
04/19/2024,55.23,47373,56.05,56.24,55.06
04/18/2024,56.3014,25676,56.55,57.11,56.19
04/17/2024,56.73,41248,57.95,57.96,56.64
04/16/2024,57.78,49895,57.65,58.03,57.44
04/15/2024,57.91,46380,59.55,59.55,57.77
04/12/2024,58.91,86497,59.83,59.83,58.71
04/11/2024,60.65,28398,60.31,60.69,59.92
04/10/2024,59.97,32983,59.71,60.1649,59.6517
04/09/2024,60.65,30590,60.95,60.95,60.10
04/08/2024,60.44,41180,60.79,60.89,60.36
04/05/2024,60.19,33496,60.25,60.59,60.00
04/04/2024,60.13,42654,61.76,61.80,60.13
04/03/2024,60.82,22403,60.21,61.11,60.21
04/02/2024,60.5797,44459,60.68,60.68,60.1201
04/01/2024,61.35,40431,61.43,62.02,61.19
03/28/2024,61.37,34335,61.67,61.87,61.30
03/27/2024,61.73,33535,61.53,61.73,61.00
03/26/2024,61.09,22909,61.74,61.77,61.09
03/25/2024,61.36,34993,60.78,61.60,60.69
03/22/2024,60.98,25946,61.13,61.30,60.80
03/21/2024,61.22,49077,61.80,61.9099,61.22
03/20/2024,60.70,40972,59.90,60.7507,59.55
03/19/2024,59.90,73425,59.82,60.035,58.968
03/18/2024,60.42,31440,61.14,61.25,60.3892
03/15/2024,60.58,24947,60.19,60.81,60.02
03/14/2024,60.72,33747,61.49,61.71,60.20
03/13/2024,61.49,43789,61.82,61.82,61.30
03/12/2024,62.06,36517,61.39,62.0699,60.80
03/11/2024,61.06,43705,61.48,61.48,60.99
03/08/2024,61.76,72199,62.91,63.37,61.60
03/07/2024,62.81,38345,62.00,62.966,62.00
03/06/2024,61.54,55065,61.27,62.00,61.04
03/05/2024,60.27,43248,61.00,61.10,60.03
03/04/2024,61.42,46382,61.43,61.71,61.16
03/01/2024,60.86,51792,59.87,60.95,59.665
02/29/2024,59.57,41832,59.50,59.69,59.02
02/28/2024,58.88,25397,58.70,59.1525,58.5019
02/27/2024,59.08,23789,59.25,59.36,58.8901
02/26/2024,58.96,31217,58.63,59.10,58.595
02/23/2024,58.31,30292,58.85,58.85,58.10
02/22/2024,58.62,26933,58.32,58.7498,58.2701
02/21/2024,57.00,24818,56.79,57.00,56.59
02/20/2024,57.33,42126,57.85,57.85,56.8349
02/16/2024,57.83,31217,58.33,58.36,57.64
02/15/2024,57.8908,17399,57.96,58.10,57.6157
02/14/2024,57.5407,18733,57.06,57.57,57.0246
02/13/2024,56.35,41380,56.43,56.88,56.00
02/12/2024,57.885,28585,57.68,58.5136,57.68
02/09/2024,57.59,19854,56.96,57.6397,56.84
02/08/2024,56.65,30547,56.05,56.70,56.00
02/07/2024,55.84,40124,55.69,55.8999,55.44
02/06/2024,55.5127,15664,55.72,55.80,55.20
02/05/2024,55.47,25292,55.50,55.6599,54.97
02/02/2024,55.4532,32408,55.23,55.47,55.0303
02/01/2024,55.15,31792,54.97,55.15,54.65
01/31/2024,54.78,25461,55.00,55.581,54.735
01/30/2024,55.31,24188,55.56,55.56,55.226
01/29/2024,55.6766,34076,55.33,55.69,55.0906
01/26/2024,55.2564,29822,55.42,55.60,55.1837
01/25/2024,55.83,31564,56.35,56.35,55.7269
01/24/2024,55.8578,20172,56.21,56.3801,55.7601
01/23/2024,55.67,32069,55.37,55.67,55.34
01/22/2024,55.52,73766,55.17,55.64,55.17
01/19/2024,54.9394,37662,54.30,54.96,54.05
01/18/2024,53.9549,27473,53.55,53.99,53.5094
01/17/2024,52.88,29443,52.89,52.93,52.38
01/16/2024,53.3964,18763,53.35,53.71,53.13
01/12/2024,53.57,22357,53.80,54.00,53.52
01/11/2024,53.58,17617,53.68,53.688,52.95
01/10/2024,53.44,17315,53.50,53.6554,53.24
01/09/2024,53.36,20621,53.11,53.5605,53.0001
01/08/2024,53.45,17206,52.49,53.45,52.49
01/05/2024,52.18,22021,52.33,52.70,52.09
01/04/2024,52.3055,26307,52.23,52.6267,52.13
01/03/2024,52.52,22851,52.69,52.7173,52.37
01/02/2024,53.2081,25569,54.00,54.00,53.0401
12/29/2023,54.32,39625,54.65,54.775,54.14
12/28/2023,54.681,21033,54.83,54.92,54.68
12/27/2023,54.7325,32092,54.82,54.86,54.60
12/26/2023,54.6382,20563,54.47,54.77,54.17
12/22/2023,54.0757,88584,54.09,54.29,53.903
12/21/2023,53.8974,28918,53.56,53.8979,53.48
12/20/2023,52.745,28226,53.55,53.85,52.74
12/19/2023,53.72,26245,53.55,53.8494,53.55
12/18/2023,53.4599,26430,53.52,53.5479,53.19
12/15/2023,53.52,28632,53.71,53.94,53.47
12/14/2023,53.7293,37979,53.18,53.76,53.18
12/13/2023,52.8468,36145,52.34,53.02,51.915
12/12/2023,52.20,28209,52.01,52.21,51.89
12/11/2023,52.0878,22760,51.41,52.1363,51.41
12/08/2023,51.38,23969,51.04,51.515,51.04
12/07/2023,51.091,15113,50.94,51.12,50.68
12/06/2023,50.4244,22498,51.00,51.18,50.4201
12/05/2023,50.5302,21586,50.54,50.6877,50.35
12/04/2023,50.82,25531,50.78,50.8253,50.285
12/01/2023,51.23,28387,50.53,51.23,50.33
11/30/2023,50.40,41314,50.69,50.69,50.1421
11/29/2023,50.46,21757,50.37,50.87,50.37
11/28/2023,50.02,19649,50.04,50.17,49.80
11/27/2023,50.0345,16882,50.00,50.25,49.86
11/24/2023,50.15,11590,50.06,50.15,49.93
11/22/2023,50.14,17077,50.18,50.525,50.0777
11/21/2023,49.90,37274,50.22,50.22,49.70
11/20/2023,50.3163,15268,49.95,50.43,49.95
11/17/2023,49.8312,13464,49.60,49.84,49.59
11/16/2023,49.39,14352,49.50,49.625,49.25
11/15/2023,49.68,18239,49.86,50.06,49.60
11/14/2023,49.73,23119,48.98,49.73,48.98
11/13/2023,48.04,19022,47.84,48.10,47.59
11/10/2023,48.06,23797,47.38,48.14,47.25
11/09/2023,47.12,12030,47.58,47.83,47.0837
11/08/2023,47.26,18404,47.36,47.4166,47.10
11/07/2023,47.18,45685,47.03,47.37,46.95
11/06/2023,47.05,9907,47.22,47.34,46.825
11/03/2023,47.18,19319,46.74,47.3999,46.65
11/02/2023,46.30,31380,46.00,46.365,45.925
11/01/2023,45.36,18929,44.82,45.3835,44.82
10/31/2023,44.85,23102,44.69,44.87,44.32
10/30/2023,44.7735,20025,45.02,45.12,44.49
10/27/2023,44.84,16297,45.03,45.20,44.75
10/26/2023,44.58,18841,44.74,45.11,44.495
10/25/2023,44.7255,46455,45.49,45.54,44.63
10/24/2023,45.81,18395,45.50,45.85,45.48
10/23/2023,45.47,25050,45.32,45.86,45.06
10/20/2023,45.70,20644,46.30,46.40,45.70
10/19/2023,46.45,28802,47.22,47.22,46.34
10/18/2023,47.02,15493,47.52,47.52,46.94
10/17/2023,48.04,17827,47.62,48.29,47.45
10/16/2023,48.26,36683,47.85,48.3885,47.80
10/13/2023,47.84,20038,48.77,48.77,47.77
10/12/2023,48.7253,17065,49.17,49.29,48.56
10/11/2023,48.93,61373,48.86,49.22,48.63
10/10/2023,48.75,11919,48.31,49.07,48.31
10/09/2023,48.07,23343,47.64,48.17,47.555
10/06/2023,48.17,35589,47.05,48.26,46.91
10/05/2023,47.26,24009,47.49,47.53,46.9666
10/04/2023,47.37,17303,47.12,47.4189,46.84
10/03/2023,47.09,20325,47.55,47.85,46.92
10/02/2023,47.90,32882,48.06,48.26,47.625
09/29/2023,47.97,13784,48.41,48.539,47.85
09/28/2023,47.93,11876,47.28,48.2155,47.28
09/27/2023,47.51,10875,47.32,47.5701,47.0017
09/26/2023,47.03,30968,47.35,47.54,46.97
09/25/2023,47.83,23760,47.52,47.83,47.4421
09/22/2023,47.7499,21205,47.96,48.15,47.7133
09/21/2023,47.53,20409,47.86,47.95,47.53
09/20/2023,48.27,20650,48.88,49.14,48.27
09/19/2023,48.96,19399,49.10,49.16,48.8001
09/18/2023,49.23,16744,49.17,49.3681,49.002
09/15/2023,49.24,20491,50.04,50.04,49.1776
09/14/2023,50.13,18601,50.31,50.35,49.93
09/13/2023,49.93,35654,49.92,50.174,49.73
09/12/2023,49.77,9006,49.75,50.34,49.75
09/11/2023,50.15,18604,50.23,50.23,49.73
09/08/2023,49.91,21167,49.93,50.21,49.76
09/07/2023,50.185,20471,50.48,50.48,49.8002
09/06/2023,51.21,22400,51.32,51.74,50.91
09/05/2023,51.30,68773,51.06,51.46,50.8562
09/01/2023,51.20,34942,51.28,51.40,50.88
08/31/2023,50.79,20407,50.59,51.0269,50.59
08/30/2023,50.60,21370,50.34,50.7179,50.1818
08/29/2023,50.45,40566,49.42,50.53,49.38
08/28/2023,49.52,15292,49.37,49.59,49.22
08/25/2023,48.93,18924,48.75,49.0801,48.16
08/24/2023,48.64,28343,50.39,50.39,48.61
08/23/2023,49.67,19257,48.92,49.78,48.87
08/22/2023,48.76,15369,49.29,49.41,48.63
08/21/2023,48.80,22034,48.29,48.88,48.22
08/18/2023,48.06,24578,47.39,48.20,47.24
08/17/2023,47.967,24290,48.59,48.59,47.85
08/16/2023,48.21,28240,49.01,49.01,48.1945
08/15/2023,49.29,120769,49.85,49.85,49.23
08/14/2023,49.96,35397,49.31,49.9674,49.09
08/11/2023,49.35,30870,49.38,49.86,49.1772
08/10/2023,49.53,30804,50.17,50.55,49.40
08/09/2023,49.76,15062,50.47,50.47,49.64
08/08/2023,50.37,39957,50.69,50.89,50.0093
08/07/2023,51.41,23067,51.85,51.87,51.1499
08/04/2023,51.41,26908,51.64,52.1642,51.00
08/03/2023,51.44,22867,51.29,51.675,51.09
08/02/2023,51.78,53484,52.78,52.78,51.41
08/01/2023,53.45,56865,52.82,53.5499,52.4577
07/31/2023,53.00,26224,52.82,53.059,52.665
07/28/2023,52.6833,23548,52.25,52.80,52.0899
07/27/2023,51.68,26250,52.35,52.52,51.51
07/26/2023,51.60,34676,51.44,51.80,51.3751
07/25/2023,51.84,32800,51.24,51.93,51.24
07/24/2023,51.19,25092,51.22,51.3199,50.89
07/21/2023,51.03,21685,51.41,51.59,51.015
07/20/2023,50.92,55621,51.87,51.94,50.7418
07/19/2023,52.27,43097,52.89,52.90,52.12
07/18/2023,52.6632,33008,52.47,52.71,52.10
07/17/2023,52.42,41295,51.66,52.57,51.47
07/14/2023,51.6785,33426,52.42,52.45,51.595
07/13/2023,52.47,55056,51.99,52.5499,51.87
07/12/2023,51.4257,29142,51.24,51.4766,51.06
07/11/2023,50.62,56733,50.63,50.656,50.19
07/10/2023,50.4374,22640,49.84,50.44,49.84
07/07/2023,49.86,61213,49.66,50.41,49.66
07/06/2023,49.64,109625,49.91,49.91,49.31
07/05/2023,50.43,42995,50.60,50.75,50.35
07/03/2023,50.89,30891,50.72,50.9896,50.53
06/30/2023,50.61,30720,50.59,50.889,50.44
06/29/2023,49.99,34125,49.98,50.0699,49.76
06/28/2023,49.8899,37640,49.43,50.00,49.36
06/27/2023,49.71,46790,48.87,49.75,48.74
06/26/2023,48.69,25073,48.60,49.129,48.5401
06/23/2023,48.48,96058,48.57,48.62,48.21
06/22/2023,49.16,35752,48.83,49.22,48.72
06/21/2023,49.10,51208,49.68,49.84,49.02
06/20/2023,50.0689,70028,50.84,50.84,49.9505
06/16/2023,50.70,43120,51.52,51.52,50.70
06/15/2023,51.2118,41512,50.93,51.36,50.6801
06/14/2023,51.04,46559,50.91,51.22,50.50
06/13/2023,51.01,77649,51.03,51.19,50.619
06/12/2023,50.3353,36718,49.97,50.39,49.9593
06/09/2023,49.55,40794,49.77,50.15,49.41
06/08/2023,49.418,48370,48.80,49.52,48.67
06/07/2023,48.7221,25778,49.30,49.50,48.646
06/06/2023,49.1551,21581,48.32,49.386,48.32
06/05/2023,48.63,25317,48.84,48.84,48.40
06/02/2023,48.91,40111,49.34,49.45,48.70
06/01/2023,49.0208,41741,48.46,49.2574,48.3309
05/31/2023,48.1459,58394,48.43,48.49,47.8501
05/30/2023,48.8389,57130,49.29,49.3609,48.55
05/26/2023,48.59,138571,47.12,48.74,47.12
05/25/2023,46.84,34936,46.79,46.93,46.4201
05/24/2023,45.75,19826,45.93,46.00,45.439
05/23/2023,46.502,17068,46.91,47.00,46.425
05/22/2023,47.08,51021,46.47,47.195,46.47
05/19/2023,46.5669,26732,46.77,46.80,46.4601
05/18/2023,46.69,46790,46.04,46.72,46.04
05/17/2023,45.9103,14043,45.30,45.96,45.2099
05/16/2023,45.0483,12898,44.91,45.225,44.91
05/15/2023,44.9546,35929,44.21,44.9546,44.1744
05/12/2023,44.07,9020,44.26,44.29,43.78
05/11/2023,44.22,10117,44.26,44.26,44.04
05/10/2023,44.3907,25506,44.31,44.47,44.17
05/09/2023,43.87,13828,43.76,43.95,43.71
05/08/2023,44.17,7071,44.19,44.19,43.96
05/05/2023,44.23,16143,43.63,44.27,43.56
05/04/2023,43.43,10125,43.33,43.5401,43.26
05/03/2023,43.5303,10777,43.59,43.9738,43.5303
05/02/2023,43.68,4609,43.87,43.89,43.4565
05/01/2023,43.92,5891,43.85,44.11,43.8201
04/28/2023,43.72,16947,43.53,43.72,43.36
04/27/2023,43.69,7316,43.36,43.69,43.04
04/26/2023,43.18,8224,43.37,43.51,43.13
04/25/2023,43.1122,10923,44.00,44.00,43.1122
04/24/2023,44.29,8341,44.54,44.62,44.08
04/21/2023,44.4739,10532,44.55,44.55,44.25
04/20/2023,44.7179,7659,44.66,45.1199,44.58
04/19/2023,45.0018,5550,45.06,45.065,44.9188
04/18/2023,45.43,14572,45.62,45.77,45.32
04/17/2023,45.3939,7274,45.28,45.3939,45.1001
04/14/2023,45.483,7559,45.50,45.85,45.1899
04/13/2023,45.6601,10652,45.30,45.72,45.30
04/12/2023,45.1888,12182,45.98,46.05,45.18
04/11/2023,45.6352,12351,45.99,45.99,45.635
04/10/2023,45.81,35112,45.14,45.81,45.14
04/06/2023,45.4366,6873,45.00,45.56,44.97
04/05/2023,45.4226,10327,45.85,45.9201,45.17
04/04/2023,46.1819,20517,46.49,46.57,46.035
04/03/2023,46.40,55894,46.31,46.50,46.0701
03/31/2023,46.5208,10200,45.84,46.54,45.84
03/30/2023,45.8232,11323,45.71,46.00,45.58
03/29/2023,45.35,8909,44.9237,45.488,44.9101
03/28/2023,44.4066,7130,44.56,44.56,44.13
03/27/2023,44.66,18446,44.88,44.915,44.44
03/24/2023,44.7001,8618,44.80,44.82,44.3261
03/23/2023,45.1588,30192,44.85,45.60,44.71
03/22/2023,44.3101,13342,44.81,45.39,44.3101
03/21/2023,44.91,8621,44.78,45.01,44.49
03/20/2023,44.40,10169,44.07,44.40,44.03
03/17/2023,43.98,34407,44.24,44.3306,43.7901
03/16/2023,44.1357,7520,42.89,44.25,42.885
03/15/2023,42.8733,17897,42.97,42.99,42.48
03/14/2023,43.648,19233,43.45,43.82,43.2785
03/13/2023,42.9716,44869,42.99,43.23,42.39
03/10/2023,43.07,11122,43.86,43.88,42.93
03/09/2023,43.76,17628,44.60,44.87,43.67
03/08/2023,44.48,12570,43.98,44.53,43.98
03/07/2023,43.87,19703,44.49,44.59,43.788
03/06/2023,44.4949,21107,44.96,45.19,44.46
03/03/2023,44.8651,65537,44.42,44.89,44.39
03/02/2023,44.27,10436,43.53,44.27,43.25
03/01/2023,44.0223,13016,44.07,44.32,43.979
02/28/2023,43.91,7998,43.87,44.25,43.76
02/27/2023,43.94,16757,44.22,44.22,43.92
02/24/2023,43.68,12106,43.84,43.84,43.52
02/23/2023,44.58,13483,44.69,44.86,44.0201
02/22/2023,43.8766,12876,44.15,44.28,43.75
02/21/2023,44.0186,15537,44.54,44.65,44.0186
02/17/2023,45.0485,10119,45.27,45.30,44.91
02/16/2023,45.5899,15308,45.65,46.091,45.58
02/15/2023,46.28,19188,45.47,46.28,45.47
02/14/2023,45.9703,37057,45.35,46.009,45.23
02/13/2023,45.5091,16403,45.24,45.63,44.9901
02/10/2023,45.0399,9889,45.21,45.21,44.82
02/09/2023,45.3039,14213,46.15,46.25,45.13
02/08/2023,45.45,11118,45.68,45.92,45.3301
02/07/2023,45.97,11767,45.07,46.06,45.00
02/06/2023,45.04,79175,45.11,45.44,44.85
02/03/2023,45.45,11091,45.21,45.975,45.00
02/02/2023,46.058,33945,45.72,46.24,45.42
02/01/2023,45.2689,36475,43.93,45.55,43.93
01/31/2023,43.7502,5296,43.25,43.7502,43.25
01/30/2023,43.3113,4789,43.54,43.735,43.31
01/27/2023,44.0361,8093,43.82,44.18,43.551
01/26/2023,44.0608,3280,44.09,44.09,43.421
01/25/2023,43.60,7082,42.97,43.64,42.89
01/24/2023,43.45,3941,43.36,43.565,43.36
01/23/2023,43.59,4685,42.67,43.64,42.67
01/20/2023,42.27,7506,41.81,42.6052,41.81
01/19/2023,41.43,10049,41.85,41.88,41.43
01/18/2023,41.99,12157,42.91,42.99,41.99
01/17/2023,42.5113,5431,42.26,42.6399,42.26
01/13/2023,42.3637,6298,42.016,42.3637,42.01
01/12/2023,42.01,4970,41.76,42.02,41.21
01/11/2023,41.6137,6630,41.31,41.6137,41.225
01/10/2023,41.1417,5176,40.66,41.1417,40.66
01/09/2023,40.8523,5987,40.89,41.369,40.82
01/06/2023,40.4043,4738,39.65,40.55,39.36
01/05/2023,39.32,3689,39.48,39.641,39.32
01/04/2023,39.909,5646,39.73,40.045,39.60
01/03/2023,39.2283,4377,39.77,39.77,39.08
12/30/2022,39.1855,14918,38.90,39.1855,38.83
12/29/2022,39.417,6698,38.76,39.44,38.76
12/28/2022,38.2955,29877,38.75,38.935,38.294
12/27/2022,38.8816,18993,39.18,39.18,38.87
12/23/2022,39.3117,6722,39.13,39.3117,38.81
12/22/2022,39.261,6303,39.69,39.69,38.88
12/21/2022,40.1981,8182,39.77,40.32,39.77
12/20/2022,39.6701,11146,39.42,39.95,39.26
12/19/2022,39.6116,7726,40.14,40.14,39.45
12/16/2022,40.21,11709,40.24,40.4899,39.99
12/15/2022,40.45,7892,41.32,41.32,40.45
12/14/2022,42.01,9341,42.18,42.55,41.8999
12/13/2022,42.308,11707,43.28,43.35,42.07
12/12/2022,41.6893,10329,41.20,41.6893,41.09
12/09/2022,41.26,8722,41.41,41.71,41.26
12/08/2022,41.5172,4812,40.93,41.57,40.93
12/07/2022,40.7605,8313,40.60,40.84,40.50
12/06/2022,40.8488,54578,41.63,41.63,40.67
12/05/2022,41.5732,6601,41.92,42.00,41.43
12/02/2022,42.2448,61694,41.44,42.2448,41.44
12/01/2022,42.3392,10369,42.39,42.55,41.93
11/30/2022,42.1831,8610,40.62,42.1831,40.536
11/29/2022,40.5703,6982,40.60,40.8872,40.50
11/28/2022,40.5886,7205,41.11,41.1899,40.515
11/25/2022,41.4109,10170,41.40,41.4716,41.35
11/23/2022,41.5264,1304,41.63,41.63,41.25
11/22/2022,41.1095,6671,40.52,41.1095,40.46
11/21/2022,40.4466,3861,40.61,40.61,40.4429
11/18/2022,40.8911,8985,40.90,41.0025,40.71
11/17/2022,40.7239,7177,40.39,40.83,40.339
11/16/2022,40.6517,5612,41.24,41.24,40.6517
11/15/2022,41.5757,5754,41.82,41.9301,41.41
11/14/2022,40.7655,7951,40.69,41.22,40.65
11/11/2022,41.05,11069,40.22,41.14,40.22
11/10/2022,40.1449,8506,38.88,40.155,38.88
11/09/2022,37.216,2779,37.78,37.78,37.216
11/08/2022,38.1263,9200,38.02,38.41,37.65
11/07/2022,37.6244,3086,37.23,37.6557,37.1397
11/04/2022,36.99,5137,36.99,36.99,36.4105
11/03/2022,35.9943,40388,36.0445,36.31,35.74
11/02/2022,36.4733,18441,37.169,37.83,36.47
11/01/2022,37.3685,5333,37.88,37.88,37.3685
10/31/2022,37.222,2257,37.38,37.41,37.222
10/28/2022,37.6773,2478,36.82,37.6773,36.82
10/27/2022,36.8014,7323,37.34,37.49,36.80
10/26/2022,37.3362,8619,36.80,37.835,36.80
10/25/2022,37.352,4848,36.77,37.4001,36.77
10/24/2022,36.6799,4298,36.63,36.75,36.40
10/21/2022,36.70,12075,35.59,36.749,35.59
10/20/2022,35.868,4054,36.169,36.4401,35.65
10/19/2022,35.695,3225,35.67,35.92,35.55
10/18/2022,35.8616,5147,36.7099,36.7099,35.86
10/17/2022,35.64,5737,35.44,35.74,35.44
10/14/2022,34.57,18857,35.98,35.98,34.54
10/13/2022,35.7859,11599,34.03,35.90,33.70
10/12/2022,34.9754,8936,35.24,35.24,34.97
10/11/2022,35.2758,17648,35.78,35.78,35.09
10/10/2022,36.2178,121125,36.91,36.91,35.93
10/07/2022,36.91,6195,37.70,37.70,36.7499
10/06/2022,38.42,8037,38.63,38.97,38.37
10/05/2022,38.65,52420,38.17,38.84,37.90
10/04/2022,38.6827,8026,38.13,38.72,38.13
10/03/2022,37.1661,8701,36.40,37.37,36.40
09/30/2022,36.1291,3018,36.25,36.90,36.1291
09/29/2022,36.4539,6072,36.73,36.73,36.12
09/28/2022,37.3214,12631,36.42,37.36,36.42
09/27/2022,36.65,7877,36.84,37.12,36.4986
09/26/2022,36.5986,8013,36.8999,37.195,36.5986
09/23/2022,36.9532,14507,37.32,37.32,36.58
09/22/2022,37.7493,10983,38.25,38.2901,37.60
09/21/2022,38.3562,3732,38.77,39.0252,38.3562
09/20/2022,38.9389,6674,39.09,39.18,38.79
09/19/2022,39.5061,4680,38.94,39.53,38.94
09/16/2022,39.3383,9117,39.06,39.37,38.88
09/15/2022,39.5978,8919,39.80,40.1504,39.41
09/14/2022,40.0843,10287,40.09,40.285,39.76
09/13/2022,39.8779,19342,40.39,40.72,39.79
09/12/2022,41.8155,15217,41.75,41.95,41.60
09/09/2022,41.4508,14725,40.98,41.49,40.98
09/08/2022,40.481,6248,39.89,40.481,39.89
09/07/2022,40.1807,8073,39.59,40.2506,39.43
09/06/2022,39.6659,27721,40.25,40.25,39.64
09/02/2022,40.30,4461,41.11,41.3225,40.19
09/01/2022,40.6666,12840,40.76,40.76,40.00
08/31/2022,41.4541,5197,41.95,41.9508,41.365
08/30/2022,41.76,11948,42.47,42.54,41.51
08/29/2022,42.1214,22099,42.16,42.55,42.07
08/26/2022,42.575,7177,44.34,44.34,42.575
08/25/2022,44.39,6464,43.53,44.39,43.53
08/24/2022,43.3688,2533,43.13,43.52,43.13
08/23/2022,43.2234,4162,43.08,43.51,43.08
08/22/2022,43.073,11030,43.59,43.59,42.965
08/19/2022,44.285,8333,44.94,44.94,44.22
08/18/2022,45.3956,4693,45.17,45.57,45.17
08/17/2022,44.91,22226,45.30,45.30,44.62
08/16/2022,45.8736,6185,45.67,46.104,45.46
08/15/2022,45.7808,8753,45.38,45.82,45.37
08/12/2022,45.5902,8329,44.99,45.61,44.99
08/11/2022,44.699,3813,45.22,45.48,44.699
08/10/2022,44.79,7612,44.30,44.8255,44.28
08/09/2022,43.4079,8383,44.21,44.21,43.23
08/08/2022,44.6269,10140,44.92,45.1127,44.47
08/05/2022,44.97,6683,44.57,45.06,44.44
08/04/2022,45.24,13879,45.09,45.28,44.83
08/03/2022,45.08,17412,44.15,45.0843,44.15
08/02/2022,43.9777,42914,43.79,44.45,43.66
08/01/2022,44.1875,16265,44.05,44.53,43.87
07/29/2022,44.33,22687,43.71,44.38,43.47
07/28/2022,43.95,7026,43.43,43.99,43.02
07/27/2022,43.51,13626,42.39,43.60,42.39
07/26/2022,42.0695,6997,42.66,42.66,41.93
07/25/2022,42.7608,28469,42.88,42.88,42.42
07/22/2022,42.93,7167,43.66,43.66,42.685
07/21/2022,43.6503,8634,43.14,43.6503,43.13
07/20/2022,42.9301,12809,42.18,43.03,42.18
07/19/2022,42.18,8889,41.36,42.219,41.36
07/18/2022,40.8271,6371,41.43,41.61,40.7523
07/15/2022,40.92,4391,40.66,40.94,40.41
07/14/2022,40.17,25647,39.81,40.23,39.305
07/13/2022,40.2355,12255,39.535,40.3824,39.45
07/12/2022,40.21,5387,40.57,40.75,40.02
07/11/2022,40.4257,19486,40.93,40.93,40.42
07/08/2022,41.44,8168,40.83,41.5909,40.83
07/07/2022,41.327,20671,40.41,41.4057,40.41
07/06/2022,40.04,30530,39.87,40.26,39.61
07/05/2022,39.8445,53843,39.11,39.845,38.75
07/01/2022,39.92,8576,40.22,40.22,39.53
06/30/2022,40.55,13998,40.49,40.8501,39.98
06/29/2022,41.14,25804,41.42,41.42,40.91
06/28/2022,41.65,22188,42.64,42.97,41.65
06/27/2022,42.401,12079,42.84,42.84,42.27
06/24/2022,42.5681,9334,41.73,42.5681,41.73
06/23/2022,41.23,7958,41.20,41.24,40.72
06/22/2022,41.12,22767,40.93,41.62,40.85
06/21/2022,41.74,12803,41.58,42.04,41.42
06/17/2022,40.83,62587,40.76,41.13,40.29
06/16/2022,40.6116,21607,41.185,41.37,40.40
06/15/2022,42.49,23051,42.14,42.91,41.72
06/14/2022,41.7284,11904,41.82,42.06,41.34
06/13/2022,41.73,20432,42.44,42.60,41.70
06/10/2022,43.76,18667,44.21,44.49,43.75
06/09/2022,45.00,9709,45.88,46.18,45.00
06/08/2022,46.29,16048,46.74,46.842,46.10
06/07/2022,47.0127,14619,46.06,47.0127,46.06
06/06/2022,46.53,19911,47.09,47.18,46.39
06/03/2022,46.42,35404,46.78,46.78,46.32
06/02/2022,47.33,12730,45.91,47.33,45.91
06/01/2022,46.1055,21076,46.74,46.92,45.6917
05/31/2022,46.4726,11894,46.87,46.96,46.07
05/27/2022,46.80,10412,46.00,46.80,46.00
05/26/2022,45.62,15152,44.43,45.75,44.43
05/25/2022,44.3987,7918,43.66,44.64,43.66
05/24/2022,43.92,11427,44.08,44.08,43.50
05/23/2022,44.5371,14668,44.14,44.665,44.01
05/20/2022,44.0063,10294,44.68,44.68,43.00
05/19/2022,44.0994,10435,43.74,44.615,43.74
05/18/2022,43.8918,10834,44.93,45.26,43.8201
05/17/2022,45.4057,14149,44.79,45.419,44.79
05/16/2022,44.0167,10371,44.12,44.4779,43.98
05/13/2022,44.4201,8241,43.47,44.51,43.47
05/12/2022,42.83,32250,42.04,43.09,42.04
05/11/2022,42.5437,23084,43.29,43.98,42.5437
05/10/2022,43.58,14760,43.93,44.108,43.02
05/09/2022,43.11,21092,44.09,44.33,42.99
05/06/2022,45.07,23676,45.31,45.629,44.6678
05/05/2022,45.5187,18874,46.86,46.86,45.2599
05/04/2022,47.62,8468,46.20,47.62,45.5201
05/03/2022,46.05,38023,45.84,46.1201,45.74
05/02/2022,45.7789,7205,45.06,45.7789,44.9201
04/29/2022,45.04,5716,46.18,46.56,45.04
04/28/2022,46.2341,7218,45.51,46.50,45.1395
04/27/2022,44.89,7270,44.82,45.56,44.67
04/26/2022,44.92,25244,45.97,45.99,44.92
04/25/2022,46.43,17681,45.61,46.43,45.61
04/22/2022,45.86,13953,46.58,46.80,45.86
04/21/2022,46.6462,12627,48.11,48.41,46.59
04/20/2022,47.5925,8804,47.96,48.0446,47.55
04/19/2022,47.60,9548,46.63,47.62,46.53
04/18/2022,46.851,12427,46.45,47.13,46.45
04/14/2022,46.8595,11879,47.76,47.76,46.8595
04/13/2022,47.6787,35649,46.91,47.6901,46.91
04/12/2022,46.8008,26829,47.50,47.875,46.75
04/11/2022,47.01,12517,47.30,47.42,46.97
04/08/2022,47.7667,42384,48.39,48.39,47.7667
04/07/2022,48.4972,10944,48.32,48.75,47.79
04/06/2022,48.4663,45635,48.60,48.768,48.14
04/05/2022,49.33,19559,50.60,50.60,49.2864
04/04/2022,50.98,8673,50.60,50.98,50.60
04/01/2022,50.3375,7509,50.76,50.76,49.919
03/31/2022,50.5484,6290,51.25,51.25,50.5484
03/30/2022,51.3303,20743,52.05,52.24,51.2101
03/29/2022,52.1981,25590,52.07,52.31,51.635
03/28/2022,51.2945,12321,50.87,51.2945,50.6031
03/25/2022,51.15,5339,51.23,51.23,50.82
03/24/2022,51.29,12819,50.11,51.29,50.11
03/23/2022,50.1546,5160,50.61,50.94,50.1546
03/22/2022,50.909,15400,50.35,51.11,50.35
03/21/2022,50.3173,8767,50.37,50.61,49.845
03/18/2022,50.4962,10099,49.27,50.4962,49.27
03/17/2022,49.5469,8901,48.74,49.61,48.74
03/16/2022,49.1094,18463,47.85,49.11,47.61
03/15/2022,47.03,11964,45.95,47.03,45.815
03/14/2022,45.795,50431,46.78,47.015,45.60
03/11/2022,46.7592,15073,48.10,48.42,46.7592
03/10/2022,47.7746,12286,47.53,47.85,47.245
03/09/2022,48.3715,17061,47.67,48.5646,47.67
03/08/2022,46.6373,24287,46.38,47.71,45.96
03/07/2022,46.4826,20312,47.89,48.29,46.4677
03/04/2022,48.26,14984,48.65,48.98,47.88
03/03/2022,49.40,34702,50.30,50.37,49.21
03/02/2022,50.27,17315,49.65,50.39,49.40
03/01/2022,49.40,14743,50.21,50.36,49.19
02/28/2022,50.4748,10610,50.00,50.8382,49.90
02/25/2022,50.56,19979,49.97,50.56,49.36
02/24/2022,49.63,35373,46.89,49.63,46.71
02/23/2022,48.46,16335,49.74,49.98,48.45
02/22/2022,49.30,28170,49.37,50.06,48.8426
02/18/2022,49.84,16950,50.29,50.46,49.545
02/17/2022,50.42,8381,51.29,51.37,50.42
02/16/2022,51.7418,9978,51.12,51.8099,50.96
02/15/2022,51.41,10994,50.50,51.445,50.50
02/14/2022,49.60,31288,49.78,50.3299,49.17
02/11/2022,49.87,9602,51.26,51.44,49.66
02/10/2022,51.18,19815,51.17,52.52,51.07
02/09/2022,52.18,14052,51.48,52.18,51.32
02/08/2022,50.91,17733,49.90,51.00,49.90
02/07/2022,49.98,17030,50.08,50.48,49.92
02/04/2022,50.08,13904,49.56,50.35,49.28
02/03/2022,49.60,19558,50.22,50.62,49.57
02/02/2022,51.27,46154,51.20,51.46,50.76
02/01/2022,50.68,28557,50.65,50.68,49.96
01/31/2022,50.44,33680,48.73,50.44,48.65
01/28/2022,48.51,20131,47.53,48.54,46.90
01/27/2022,47.75,39205,49.40,49.40,47.68
01/26/2022,49.36,57088,49.91,50.65,48.85
01/25/2022,49.17,46705,49.61,50.00,48.84
01/24/2022,50.45,107735,49.45,50.50,47.98
01/21/2022,50.27,35730,50.97,51.63,50.20
01/20/2022,51.27,19157,52.43,52.9084,51.25
01/19/2022,52.06,23502,53.13,53.37,52.06
01/18/2022,52.93,29213,53.70,53.90,52.89
01/14/2022,54.57,23990,53.53,54.58,53.53
01/13/2022,53.85,10797,55.24,55.35,53.85
01/12/2022,54.85,13142,54.94,55.37,54.605
01/11/2022,54.67,25071,53.75,54.70,53.56
01/10/2022,53.75,31637,53.40,53.79,52.52
01/07/2022,54.01,17031,54.78,55.0581,53.86
01/06/2022,54.83,24961,54.52,55.02,54.10
01/05/2022,54.63,35800,56.15,56.17,54.63
01/04/2022,56.16,21264,56.68,56.685,55.51
01/03/2022,56.38,28530,55.86,56.41,55.73
12/31/2021,55.81,19135,56.10,56.18,55.79
12/30/2021,56.00,33293,56.13,56.46,56.00
12/29/2021,56.13,26484,56.09,56.19,55.94
12/28/2021,56.07,45550,56.79,56.79,55.99
12/27/2021,56.58,32517,55.88,56.59,55.88
12/23/2021,55.61,15055,55.32,55.74,55.22
12/22/2021,55.16,13324,54.42,55.185,54.35
12/21/2021,54.55,32721,53.47,54.55,53.47
12/20/2021,52.99,36453,53.00,53.18,52.6306
12/17/2021,53.65,31776,53.27,54.109,53.15
12/16/2021,53.68,32358,55.81,55.86,53.54
12/15/2021,55.38,32631,54.21,55.38,53.4913
12/14/2021,54.03,23727,53.99,54.2552,53.56
12/13/2021,54.4986,39376,55.52,55.52,54.46
12/10/2021,55.349,21038,55.69,55.90,54.99
12/09/2021,55.18,17847,56.08,56.2881,55.18
12/08/2021,56.31,29916,56.17,56.3536,55.69
12/07/2021,56.17,60926,55.20,56.38,55.20
12/06/2021,54.1536,36666,53.87,54.3199,53.03
12/03/2021,53.94,36315,54.90,55.1495,53.45
12/02/2021,54.43,56562,54.30,54.75,53.69
12/01/2021,54.35,49944,55.50,56.24,54.35
11/30/2021,54.64,44091,55.52,55.61,54.14
11/29/2021,55.45,44242,54.76,55.51,54.53
11/26/2021,53.9833,28837,54.93,54.93,53.6856
11/24/2021,55.59,27471,54.92,55.59,54.48
11/23/2021,55.32,40731,55.56,55.75,54.6713
11/22/2021,55.61,50725,56.63,56.9311,55.61
11/19/2021,56.57,45235,56.78,56.87,56.48
11/18/2021,56.67,42901,56.96,56.96,56.27
11/17/2021,56.51,68582,56.91,56.94,56.34
11/16/2021,56.91,38413,56.38,56.93,56.10
11/15/2021,56.37,54865,56.81,56.85,56.105
11/12/2021,56.60,29575,56.34,56.66,56.1795
11/11/2021,56.05,19262,55.92,56.10,55.82
11/10/2021,55.4334,45587,56.42,56.608,55.23
11/09/2021,56.79,58245,57.14,57.15,56.38
11/08/2021,56.89,65081,56.61,57.02,56.50
11/05/2021,56.29,53631,56.37,56.729,55.97
11/04/2021,56.02,52279,55.36,56.02,55.22
11/03/2021,54.95,43847,54.48,55.009,54.34
11/02/2021,54.36,27255,54.01,54.37,54.01
11/01/2021,53.99,32777,53.55,53.99,53.36
10/29/2021,53.11,28874,52.57,53.18,52.57
10/28/2021,53.05,22185,52.58,53.119,52.58
10/27/2021,52.20,30496,52.50,52.75,52.20
10/26/2021,52.58,28299,53.11,53.11,52.505
10/25/2021,52.82,18557,52.69,53.01,52.50
10/22/2021,52.52,13389,52.74,53.09,52.41
10/21/2021,52.59,40142,52.23,52.63,52.1268
10/20/2021,52.44,13409,52.41,52.50,52.25
10/19/2021,52.36,17775,52.09,52.415,51.942
10/18/2021,51.88,34094,51.50,51.92,51.32
10/15/2021,51.72,16211,51.69,51.84,51.654
10/14/2021,51.3505,22609,50.85,51.36,50.85
10/13/2021,50.23,12803,50.13,50.4101,50.13
10/12/2021,49.81,20863,50.16,50.25,49.69
10/11/2021,50.00,18556,50.18,50.629,49.99
10/08/2021,50.2017,11130,50.60,50.60,50.11
10/07/2021,50.418,19152,50.26,50.79,50.26
10/06/2021,49.80,29086,49.26,49.815,49.00
10/05/2021,49.71,41921,49.41,49.88,49.36
10/04/2021,49.21,17059,50.00,50.02,48.97
10/01/2021,50.3713,13974,50.38,50.50,49.7201
09/30/2021,50.18,37628,50.41,50.67,50.10
09/29/2021,50.1125,21871,50.77,50.81,50.0909
09/28/2021,50.6782,25082,51.79,51.79,50.6621
09/27/2021,52.383,11333,52.36,52.5205,52.08
09/24/2021,52.61,17607,52.25,52.61,52.24
09/23/2021,52.6204,29429,52.19,52.66,52.19
09/22/2021,51.876,26352,51.47,51.975,51.30
09/21/2021,51.2799,17766,51.43,51.58,50.94
09/20/2021,51.0287,17238,51.14,51.19,50.00
09/17/2021,52.0195,70365,52.48,52.48,51.82
09/16/2021,52.57,25574,52.27,52.645,52.15
09/15/2021,52.5382,13574,52.27,52.55,52.03
09/14/2021,52.27,15213,52.55,52.55,52.1133
09/13/2021,52.30,19166,52.34,52.34,51.80
09/10/2021,51.96,23488,52.38,52.51,51.96
09/09/2021,51.96,9095,51.67,52.08,51.67
09/08/2021,51.60,18071,52.02,52.14,51.37
09/07/2021,52.16,11503,52.28,52.28,52.08
09/03/2021,52.3498,13440,52.02,52.4272,52.02
09/02/2021,51.9322,9845,52.02,52.055,51.7953
09/01/2021,51.6872,21546,51.66,51.89,51.5993
08/31/2021,51.2578,8758,51.49,51.49,51.02
08/30/2021,51.41,17824,51.52,51.52,51.245
08/27/2021,51.24,7171,50.40,51.27,50.40
08/26/2021,50.3223,6940,50.43,50.53,50.20
08/25/2021,50.5389,13917,50.36,50.66,50.36
08/24/2021,50.2746,12816,50.09,50.31,50.09
08/23/2021,49.91,10076,49.37,49.939,49.37
08/20/2021,48.908,8580,48.56,48.908,48.56
08/19/2021,48.37,13017,48.18,48.63,48.015
08/18/2021,48.56,7013,48.78,49.03,48.56
08/17/2021,48.796,6129,49.17,49.17,48.505
08/16/2021,49.62,8012,49.78,49.86,49.34
08/13/2021,49.84,66181,49.83,49.85,49.66
08/12/2021,49.71,16438,50.05,50.05,49.5656
08/11/2021,50.16,8117,50.44,50.50,49.89
08/10/2021,50.0561,13962,50.43,50.43,49.97
08/09/2021,50.4677,6307,50.51,50.695,50.379
08/06/2021,50.402,8369,50.24,50.469,50.24
08/05/2021,50.39,8505,50.11,50.39,50.08
08/04/2021,50.03,5596,49.92,50.14,49.86
08/03/2021,49.9403,7008,49.84,49.9403,49.35
08/02/2021,49.78,26100,49.82,50.21,49.595
07/30/2021,49.42,6154,49.02,49.51,49.00
07/29/2021,49.41,22691,49.18,49.50,49.18
07/28/2021,48.89,7350,48.40,49.029,48.40
07/27/2021,48.24,6779,48.78,48.78,47.769
07/26/2021,48.89,10757,48.78,48.99,48.78
07/23/2021,48.82,7995,48.62,48.82,48.51
07/22/2021,48.54,6746,48.65,48.65,48.39
07/21/2021,48.73,6300,47.87,48.73,47.87
07/20/2021,47.76,22329,47.20,47.935,46.93
07/19/2021,46.95,21756,46.81,47.109,46.41
07/16/2021,47.50,14767,48.33,48.44,47.4936
07/15/2021,48.13,23087,48.61,48.61,47.84
07/14/2021,48.88,12436,49.40,49.51,48.82
07/13/2021,49.01,7152,49.13,49.3099,48.99
07/12/2021,49.2009,10164,49.33,49.33,49.03
07/09/2021,49.21,17064,48.48,49.27,48.48
07/08/2021,48.47,30447,48.33,48.575,47.97
07/07/2021,49.00,38663,49.59,49.62,48.80
07/06/2021,49.49,13329,49.80,49.80,49.09
07/02/2021,49.6908,15697,49.77,49.77,49.52
07/01/2021,49.33,11900,49.64,49.709,49.27
06/30/2021,49.8489,12405,49.94,49.94,49.675
06/29/2021,49.98,21603,49.84,49.98,49.72
06/28/2021,49.7752,18838,49.41,49.80,49.41
06/25/2021,49.1419,8666,49.20,49.28,49.14
06/24/2021,49.14,11662,48.84,49.1588,48.84
06/23/2021,48.39,12659,48.46,48.66,48.39
06/22/2021,48.61,8555,48.27,48.61,48.20
06/21/2021,48.27,16360,48.06,48.3103,47.835
06/18/2021,48.1379,30193,48.74,48.799,48.00
06/17/2021,49.2585,10841,48.96,49.47,48.815
06/16/2021,49.0817,16086,49.54,49.54,48.80
06/15/2021,49.4331,11304,49.69,49.779,49.36
06/14/2021,49.66,20135,49.28,49.66,49.27
06/11/2021,49.109,5372,49.00,49.109,48.87
06/10/2021,48.99,13834,48.70,49.079,48.61
06/09/2021,48.5394,12846,48.99,48.99,48.51
06/08/2021,48.81,11146,49.18,49.18,48.60
06/07/2021,48.97,15465,48.95,48.99,48.774
06/04/2021,49.00,21440,48.68,49.08,48.68
06/03/2021,48.33,7955,48.62,48.629,48.235
06/02/2021,48.82,10493,48.47,48.82,48.33
06/01/2021,48.40,18764,48.53,48.7421,48.13
05/28/2021,48.0486,6173,48.03,48.33,48.03
05/27/2021,47.83,13104,47.51,47.909,47.495
05/26/2021,47.455,8713,47.28,47.488,47.21
05/25/2021,47.1483,14672,47.36,47.499,47.045
05/24/2021,47.107,12537,46.59,47.19,46.59
05/21/2021,46.16,13739,46.62,46.66,46.14
05/20/2021,46.41,9584,45.74,46.47,45.74
05/19/2021,45.36,12896,44.35,45.45,44.14
05/18/2021,45.17,21485,45.44,45.75,45.16
05/17/2021,45.05,12516,45.00,45.05,44.54
05/14/2021,45.55,17233,44.83,45.72,44.74
05/13/2021,44.41,24754,44.41,44.83,44.0811
05/12/2021,44.06,59812,45.28,45.28,43.93
05/11/2021,45.80,27064,44.78,45.84,44.477
05/10/2021,45.9728,12292,47.56,47.56,45.97
05/07/2021,47.52,38102,47.20,47.76,47.20
05/06/2021,47.01,18132,46.82,47.03,46.31
05/05/2021,47.01,6212,47.00,47.3524,46.825
05/04/2021,46.85,21140,47.28,47.41,46.205
05/03/2021,47.6867,12065,48.23,48.23,47.585
04/30/2021,48.07,14081,48.60,48.71,47.93
04/29/2021,49.02,25812,49.33,49.33,48.5108
04/28/2021,48.82,10599,49.09,49.09,48.7882
04/27/2021,49.17,22716,49.39,49.39,48.97
04/26/2021,49.38,18201,48.91,49.40,48.91
04/23/2021,48.71,15591,47.94,48.80,47.94
04/22/2021,47.79,32703,48.30,48.53,47.72
04/21/2021,48.13,28899,47.14,48.13,47.00
04/20/2021,47.09,24797,47.83,47.83,46.86
04/19/2021,47.69,30805,48.53,48.53,47.375
04/16/2021,48.70,36445,48.87,48.99,48.59
04/15/2021,49.01,101998,48.70,49.105,48.47
04/14/2021,48.26,56773,48.66,48.89,48.175
04/13/2021,48.77,14957,48.68,48.77,48.32
04/12/2021,48.51,31377,48.87,48.87,48.21
04/09/2021,48.8711,13493,48.93,48.93,48.65
04/08/2021,49.09,14296,48.84,49.1596,48.84
04/07/2021,48.72,17437,48.93,48.98,48.54
04/06/2021,48.88,18965,49.02,49.05,48.644
04/05/2021,49.215,28514,48.89,49.26,48.61
04/01/2021,48.40,23719,47.49,48.40,47.49
03/31/2021,47.01,22985,46.27,47.275,46.27
03/30/2021,46.31,18817,46.02,46.37,45.85
03/29/2021,46.28,24261,46.79,46.80,45.98
03/26/2021,46.91,16744,45.63,46.93,45.63
03/25/2021,45.54,21633,44.94,45.579,44.64
03/24/2021,45.41,21529,46.21,46.5058,45.41
03/23/2021,45.95,50981,47.08,47.26,45.835
03/22/2021,47.2397,19150,46.84,47.562,46.84
03/19/2021,46.8622,16910,46.54,47.07,45.97
03/18/2021,46.43,15685,47.68,47.74,46.38
03/17/2021,47.90,21880,47.19,48.10,46.65
03/16/2021,47.4355,16681,47.48,47.93,47.21
03/15/2021,47.29,16434,46.87,47.29,46.78
03/12/2021,46.7041,10994,46.44,46.7041,46.14
03/11/2021,46.86,22446,46.27,46.8961,46.22
03/10/2021,45.43,16120,46.02,46.255,45.35
03/09/2021,45.38,23641,44.39,45.579,44.39
03/08/2021,43.46,26209,44.56,44.8596,43.46
03/05/2021,44.7595,34263,44.65,44.8001,42.96
03/04/2021,44.253,56599,45.97,46.1227,43.675
03/03/2021,46.0671,20936,47.05,47.32,46.00
03/02/2021,47.09,21282,48.09,48.09,47.09
03/01/2021,48.02,19164,47.29,48.04,47.2183
02/26/2021,46.54,59030,46.34,46.97,45.66
02/25/2021,46.35,38335,48.38,48.38,46.15
02/24/2021,48.4771,24085,47.01,48.48,46.92
02/23/2021,47.12,57680,47.16,47.64,45.80
02/22/2021,48.20,32712,49.06,49.2152,48.1034
02/19/2021,49.47,22303,49.15,49.78,49.15
02/18/2021,48.74,29006,48.99,48.99,48.26
02/17/2021,49.37,19230,49.57,49.58,48.71
02/16/2021,49.81,64582,50.24,50.47,49.71
02/12/2021,49.9731,28783,49.30,50.00,49.01
02/11/2021,49.28,28767,48.79,49.28,48.69
02/10/2021,48.15,30222,49.11,49.125,48.01
02/09/2021,49.02,56157,48.53,49.17,48.33
02/08/2021,48.32,34714,47.43,48.32,47.39
02/05/2021,46.88,33323,46.85,47.01,46.595
02/04/2021,46.34,20104,45.90,46.34,45.7849
02/03/2021,45.925,36780,46.27,46.41,45.8757
02/02/2021,46.20,37286,45.89,46.259,45.70
02/01/2021,45.72,29112,45.00,45.79,44.68
01/29/2021,44.41,22582,45.20,45.34,44.27
01/28/2021,45.3355,21069,45.61,45.87,45.06
01/27/2021,45.91,44616,46.06,46.8846,45.47
01/26/2021,46.4958,40054,47.00,47.00,46.25
01/25/2021,46.896,54154,47.00,47.439,46.31
01/22/2021,46.6992,12159,46.44,46.719,46.392
01/21/2021,46.7755,32764,46.74,46.78,46.36
01/20/2021,46.60,36309,46.68,47.09,46.40
01/19/2021,46.3199,42700,45.42,46.33,45.42
01/15/2021,44.9607,24648,45.40,45.40,44.8299
01/14/2021,45.5193,26340,44.85,45.68,44.85
01/13/2021,44.3956,27677,44.59,44.60,44.35
01/12/2021,44.41,40024,44.24,44.46,44.02
01/11/2021,44.17,45123,43.53,44.29,43.45
01/08/2021,43.8794,37556,44.47,44.47,43.41
01/07/2021,43.83,50601,43.28,43.875,43.2009
01/06/2021,42.7349,55164,42.48,43.24,42.3102
01/05/2021,42.5777,29604,41.92,42.595,41.92
01/04/2021,41.80,39481,42.11,42.455,41.45
12/31/2020,41.5044,16869,41.50,41.54,41.30
12/30/2020,41.49,17753,41.25,41.59,41.25
12/29/2020,40.928,18738,41.46,41.46,40.7215
12/28/2020,41.2189,17883,41.45,41.55,41.20
12/24/2020,41.0658,13453,40.98,41.08,40.91
12/23/2020,41.03,12530,41.15,41.285,41.03
12/22/2020,40.9565,25302,40.73,40.97,40.722
12/21/2020,40.87,19062,40.40,40.91,40.22
12/18/2020,40.94,53365,41.25,41.26,40.92
12/17/2020,41.2649,5915,41.03,41.34,41.03
12/16/2020,40.935,12067,41.02,41.15,40.76
12/15/2020,40.8744,10034,40.54,40.8744,40.41
12/14/2020,40.43,14405,40.48,40.71,40.3218
12/11/2020,40.1999,16271,40.06,40.37,39.8857
12/10/2020,40.41,16942,39.97,40.43,39.94
12/09/2020,40.30,22855,41.04,41.19,40.124
12/08/2020,40.915,9937,40.66,40.994,40.66
12/07/2020,40.83,23278,40.88,40.97,40.72
12/04/2020,40.8316,12467,40.12,40.8316,40.12
12/03/2020,39.8794,9936,39.80,40.17,39.80
12/02/2020,39.79,17335,39.83,39.9699,39.6646
12/01/2020,39.8194,30633,38.93,40.049,38.93
11/30/2020,39.1489,24882,39.22,39.23,38.88
11/27/2020,39.1184,5124,38.79,39.205,38.79
11/25/2020,38.6305,16185,38.50,38.729,38.495
11/24/2020,38.615,22315,38.36,38.615,38.11
11/23/2020,38.18,21473,37.91,38.21,37.82
11/20/2020,37.78,8847,37.76,37.98,37.735
11/19/2020,37.6497,9428,37.00,37.65,37.00
11/18/2020,37.18,17545,37.47,37.647,37.18
11/17/2020,37.3382,7282,37.29,37.48,37.26
11/16/2020,37.48,17658,37.07,37.48,37.07
11/13/2020,36.6401,5311,36.24,36.67,36.24
11/12/2020,35.9434,13184,36.32,36.47,35.82
11/11/2020,36.40,20529,35.77,36.405,35.77
11/10/2020,35.68,10230,35.92,35.97,35.4901
11/09/2020,36.22,11618,38.04,38.04,36.175
11/06/2020,35.90,10459,35.82,35.99,35.55
11/05/2020,35.8248,10442,35.41,35.8702,35.41
11/04/2020,34.7424,10220,34.40,34.92,34.20
11/03/2020,33.9399,12650,33.44,33.95,33.44
11/02/2020,33.03,21202,33.11,33.28,32.78
10/30/2020,32.82,15121,33.0001,33.0333,32.55
10/29/2020,33.40,9135,32.79,33.53,32.79
10/28/2020,32.815,12131,33.54,33.54,32.815
10/27/2020,34.01,5214,34.26,34.41,33.965
10/26/2020,34.132,12162,34.60,34.65,33.81
10/23/2020,35.07,4010,35.03,35.07,34.8758
10/22/2020,34.91,7500,34.82,35.00,34.56
10/21/2020,34.883,10574,35.00,35.18,34.81
10/20/2020,34.9925,6759,35.11,35.23,34.9925
10/19/2020,34.9662,8882,35.20,35.429,34.9662
10/16/2020,35.0489,10129,35.11,35.31,35.0489
10/15/2020,35.0678,11792,34.93,35.11,34.75
10/14/2020,35.3171,7827,35.56,35.621,35.2565
10/13/2020,35.55,13107,35.60,35.71,35.50
10/12/2020,35.69,23079,35.58,35.77,35.31
10/09/2020,35.2168,14596,34.93,35.2499,34.93
10/08/2020,34.6516,4791,34.48,34.678,34.48
10/07/2020,34.2359,8029,33.92,34.24,33.92
10/06/2020,33.6144,11233,33.80,34.265,33.57
10/05/2020,33.6727,8890,33.21,33.6727,33.21
10/02/2020,32.9913,10236,33.14,33.21,32.99
10/01/2020,33.56,5952,33.50,33.61,33.4354
09/30/2020,33.07,9586,33.11,33.35,33.01
09/29/2020,33.15,20450,33.07,33.32,33.05
09/28/2020,33.0303,8126,32.69,33.0303,32.69
09/25/2020,32.3267,12943,31.87,32.34,31.80
09/24/2020,32.0528,8423,31.95,32.35,31.76
09/23/2020,32.06,6284,32.89,32.89,32.03
09/22/2020,32.7244,29280,32.68,32.7244,32.3439
09/21/2020,32.70,5538,32.60,32.70,32.16
09/18/2020,33.0057,5506,33.21,33.2651,32.75
09/17/2020,33.1852,8284,32.99,33.1852,32.81
09/16/2020,33.3688,6728,33.53,33.70,33.3688
09/15/2020,33.2993,13256,33.29,33.425,33.22
09/14/2020,32.9538,15447,32.92,33.00,32.829
09/11/2020,32.3665,9115,32.67,32.67,32.23
09/10/2020,32.32,12849,32.98,33.09,32.3183
09/09/2020,32.7449,8194,32.51,32.78,32.4582
09/08/2020,32.08,11997,32.60,32.64,32.08
09/04/2020,33.1843,22575,33.60,33.6463,32.32
09/03/2020,33.55,30668,35.00,35.05,33.375
09/02/2020,35.08,23618,34.60,35.08,34.475
09/01/2020,34.3542,15783,34.11,34.3542,34.06
08/31/2020,33.98,24223,34.16,34.24,33.8634
08/28/2020,34.2036,18256,33.78,34.2036,33.78
08/27/2020,33.733,14543,34.20,34.20,33.64
08/26/2020,34.1557,5869,33.95,34.20,33.95
08/25/2020,33.8657,5197,33.82,33.8657,33.7401
08/24/2020,33.6889,6459,33.7299,33.7299,33.5619
08/21/2020,33.3577,6074,33.29,33.36,33.12
08/20/2020,33.35,20138,33.17,33.39,33.00
08/19/2020,33.5539,6899,33.84,33.849,33.521
08/18/2020,33.7961,4602,34.10,34.10,33.795
08/17/2020,33.9876,7250,33.82,34.05,33.82
08/14/2020,33.6953,5604,33.74,33.8056,33.645
08/13/2020,33.7658,7711,33.83,33.938,33.74
08/12/2020,33.89,4995,33.55,33.9263,33.55
08/11/2020,33.2489,7195,33.63,33.805,33.2401
08/10/2020,33.4743,8157,33.57,33.57,33.2408
08/07/2020,33.53,14923,33.64,33.75,33.2081
08/06/2020,33.86,11695,33.73,33.87,33.61
08/05/2020,33.7981,7669,33.72,33.825,33.67
08/04/2020,33.581,33413,33.26,33.581,33.26
08/03/2020,33.3282,15469,32.93,33.3282,32.9271
07/31/2020,32.696,10559,33.00,33.00,32.29
07/30/2020,32.7727,7752,32.28,32.80,32.18
07/29/2020,32.515,6672,32.28,32.629,32.28
07/28/2020,32.1501,6468,32.44,32.44,32.1501
07/27/2020,32.5966,5132,32.15,32.5966,32.15
07/24/2020,31.93,5799,31.70,32.09,31.70
07/23/2020,32.2871,12646,32.70,32.88,32.1027
07/22/2020,32.6526,6003,32.51,32.70,32.50
07/21/2020,32.4279,5956,32.72,32.76,32.4279
07/20/2020,32.4479,7430,31.91,32.4479,31.89
07/17/2020,31.84,4246,31.7699,31.84,31.6397
07/16/2020,31.5424,21122,31.52,31.57,31.4317
07/15/2020,31.86,11343,31.88,31.9399,31.58
07/14/2020,31.6012,10438,31.01,31.61,30.83
07/13/2020,31.20,21310,31.97,32.155,31.20
07/10/2020,31.7027,9506,31.74,31.74,31.53
07/09/2020,31.7396,5822,31.72,31.7999,31.37
07/08/2020,31.6686,6093,31.40,31.6686,31.335
07/07/2020,31.21,23313,31.63,31.72,31.21
07/06/2020,31.6881,9420,31.52,31.74,31.52
07/02/2020,30.9545,16284,31.00,31.23,30.9545
07/01/2020,30.7064,8304,30.85,30.85,30.7064
06/30/2020,30.8596,13802,30.49,30.86,30.49
06/29/2020,30.358,7763,30.31,30.3867,29.93
06/26/2020,30.1046,8302,30.61,30.63,30.10
06/25/2020,30.6268,9347,30.16,30.6268,30.00
06/24/2020,30.2458,10680,30.76,30.80,30.07
06/23/2020,30.8744,13646,31.02,31.11,30.8744
06/22/2020,30.8091,6890,30.56,30.8091,30.40
06/19/2020,30.5609,5406,31.01,31.01,30.5609
06/18/2020,30.46,3700,30.44,30.61,30.44
06/17/2020,30.5791,7644,30.64,30.7786,30.55
06/16/2020,30.42,8840,30.62,30.77,30.24
06/15/2020,29.95,10476,28.87,29.99,28.87
06/12/2020,29.4924,7186,29.84,29.99,29.01
06/11/2020,29.02,19585,30.01,30.05,29.0119
06/10/2020,30.989,11449,31.48,31.48,30.90
06/09/2020,31.0097,11906,31.01,31.13,30.6693
06/08/2020,31.0818,22698,30.88,31.0818,30.70
06/05/2020,30.7786,17634,30.68,31.02,30.68
06/04/2020,30.2372,10644,30.13,30.45,30.10
06/03/2020,30.3608,16316,29.89,30.44,29.89
06/02/2020,29.50,9839,29.41,29.50,29.07
06/01/2020,29.1007,8952,28.72,29.21,28.72
05/29/2020,28.75,6057,28.17,28.75,28.17
05/28/2020,28.2975,10878,28.97,28.97,28.2975
05/27/2020,28.7143,9147,28.64,28.7143,27.95
05/26/2020,28.4097,14245,28.68,28.787,28.4097
05/22/2020,27.9533,4522,27.71,27.9533,27.71
05/21/2020,27.81,12015,28.08,28.14,27.675
05/20/2020,28.0866,9485,27.72,28.225,27.72
05/19/2020,27.3418,6999,27.34,27.75,27.34
05/18/2020,27.4264,10712,27.04,27.4264,27.04
05/15/2020,26.3456,9205,26.34,26.41,26.04
05/14/2020,26.5139,4682,25.86,26.5139,25.58
05/13/2020,26.2212,22293,26.87,26.87,25.94
05/12/2020,26.86,4108,27.49,27.505,26.86
05/11/2020,27.38,10034,27.22,27.48,27.17
05/08/2020,27.39,10507,27.10,27.42,27.0326
05/07/2020,26.7303,4428,26.80,26.84,26.55
05/06/2020,26.2512,6085,26.22,26.48,26.22
05/05/2020,26.0914,8377,26.09,26.42,26.09
05/04/2020,25.8284,5756,25.50,25.8284,25.43
05/01/2020,25.6967,18967,26.2625,26.2625,25.58
04/30/2020,26.8993,14437,27.45,27.45,26.8776
04/29/2020,27.64,13398,26.93,27.775,26.93
04/28/2020,26.4516,8342,26.74,26.90,26.4516
04/27/2020,26.3487,13684,26.06,26.41,26.06
04/24/2020,25.7784,3247,25.53,25.7784,25.3311
04/23/2020,25.4064,12243,25.61,25.81,25.4064
04/22/2020,25.5911,8885,25.26,25.60,25.26
04/21/2020,24.7438,5548,25.34,25.34,24.68
04/20/2020,25.7557,12173,25.70,26.1228,25.70
04/17/2020,26.09,14190,26.17,26.17,25.88
04/16/2020,25.6091,12775,25.35,25.68,25.3298
04/15/2020,25.3012,7065,25.36,25.46,25.15
04/14/2020,26.02,7084,25.69,26.02,25.69
04/13/2020,25.09,15407,24.95,25.09,24.7238
04/09/2020,25.06,12852,25.34,25.70,24.94
04/08/2020,25.00,7223,24.45,25.11,24.44
04/07/2020,24.34,17254,25.01,25.11,24.34
04/06/2020,24.21,14784,23.33,24.32,23.33
04/03/2020,22.4353,10983,22.81,22.89,22.28
04/02/2020,22.87,10064,22.39,22.9501,22.2706
04/01/2020,22.59,7039,22.78,23.14,22.51
